,filename,raw_url,yahoo_image_url,title
0,Dog_1,https://www.goodhousekeeping.com/life/pets/g4531/cutest-dog-breeds/,https://msp.c.yimg.jp/images/v2/FUTi93tXq405grZVGgDqG9rPgZApaBCJC9fM4dC_sYSGRDzFzrqm3OMb3720emkNpHLoRYOTl4cHxuD7kBZvcmbcjLiUoz5cGiQ96nCVWdFCV9-ziaJfQwcNmPPvdDJt75kZIdDFzPsvmz6T4Q_CYM_4qFXugXiRo3LRLC9AyA7t4DJDTaWdL1vuMU87arGFmJQDDVjTbCUbi8GPPiNbxkPfwBr29qurO3TOmeD1sbZGlcjzNqDDszuzqmqTJRGgPcdndOd4usqrP_guJ19ieZnHK5955_nku1sfs4DcuaFcASlf5dnQRQXu2ThzEa3dbfcGt2bPFUPZx_WkPOfVnOLPH5jD9_K8_OZRfgZlq8Oo6g49n273nRuOgWVDiG2H6IymfjJQRJOZx1Z6rwsvyw==/dog-puppy-on-garden-royalty-free-image-1586966191.jpg,The 30 Cutest Dog Breeds - Most Adorable Dogs and Puppies
1,Dog_2,https://www.thedogandfriends.com/,https://msp.c.yimg.jp/images/v2/FUTi93tXq405grZVGgDqGygMQVkKkqnuf70M-fNTh6GzQMRg0ZbkEqDZ9gXKxZBzSmsW3MS0S82tUYJ5aOZgexe9Ecov4oqhoOFpnDUsZqMY5T3xFBVo_ht3cxBpDGtHrtvQGdN0sJvM-MC0TacXuA2Ycm_Zx_TOBZLXvYlpOYV-rdmS-JDkd7d-jpzP83NdFZTlJPfZ-4f2uEnuGbp7CcFDvRUXs1rTQ6M2oEskS7UNj5lvVZ1I_XzOlBKGSLEup4xbKVbqeZKsEBOo_lkR_xTQQbzQ0p4caWkyaSELo94=/img-hero_dog.png,THE DOG（ザ・ドッグ）公式ブランドサイト
2,Dog_3,https://www.goodhousekeeping.com/life/pets/advice/g1921/large-dog-breeds/,https://msp.c.yimg.jp/images/v2/FUTi93tXq405grZVGgDqG9rPgZApaBCJC9fM4dC_sYSGRDzFzrqm3OMb3720emkNnOAsC3na65n42ISWWPt-zaYeJdFjrKs7ajFzMhfE6PBJqPUKN7T1Pk5i1-L9wCdzi5WQY3Kq5XVOnKtaqS47Uh0oWR948QC-0W_j-djHtOLIgoo0W7X1rJ6ClUBBkWDMRUSR1Ewg_As52Q-YjuA_i-E7uIdUWkxrjncUj-fDHeTvcT8LlYEnX7abdSMEp_v7zyUFX3tJ_2FbORSufDRAFqFwLUoBlfpck-lOmldj_8YM_QD1P-o7YPgFUjfn8uOxTNj65nTiqkoOg-YjLhO6coMNSjNYC6BAdjpDNZwfF5_a04j86pdbxClYcmSir4Fv6SGCJoDfADYg9tgmP44H7BTQQbzQ0p4caWkyaSELo94=/golden-retriever-royalty-free-image-506756303-1560962726.jpg,45 Best Large Dog Breeds - Top Big Dogs List and Pictures
3,Dog_4,https://paradepets.com/dogs/cutest-dog-breeds,https://msp.c.yimg.jp/images/v2/FUTi93tXq405grZVGgDqG9a7MkzK2q_smqwFajROPzKo8C-D24mMbs6cypRoXA64yoDSu8wkMu5moTgTn-jM3hFblISikYTWYgyig1qOGPMdCfxoCIsXdRJADCGpL5ajrUD1anILKWUuqfB28qaSRNKqOFe7ZhTcCUYszJFp_XC5LvGQFhdwEkxi0MiPbDKJz3dFNYOVn-950f0TX4hfHiWXNuNXxcFyIy-mecXsnOBeQCJBebn62rzScXBE0l1UMmZzRHYjrWEhlKIFHNRX7zK6ORpzPf7OFpD40n_M3-zLRyATXASUlp41zBDZjaDkaHtbNgfsfAf1BKroViyxJ7X1mbbCd5AEfcnxBF_jxNQSPDgl-qQHeQN_624SapY5-GgWLczB58-_fVx4eac3fPKOs0HD2JdbiAMZL40A1VI=/cutest-dog-breeds-jpg.jpg,30 Cutest Dog Breeds — See Cute Dogs & Puppies - Parade Pets
4,Dog_5,https://en.wiktionary.org/wiki/dog,https://msp.c.yimg.jp/images/v2/FUTi93tXq405grZVGgDqGx5cm8knTLo61O84kVTxOan841a30-aIJSoqkmlQNsP4-Qv0KVqX9M9vYFUiwJk7TUFSTRk3ObWhI5fxW6yE8w8w_Z0Yh_-L-oKsgF1OXHE5RKZkeSAJEuR501sHYAVjGW5B3Ap_0ARbcxpsvEdZlDYXNeQmBMVt8GlAQ-NCX9qCo8LKF6AjTRFPEJVogbdhDv4mxuUZYmlqg83lCUvBzGt3ZThxQVSSX3ufNQ7XrTK6P9BRdGb6MY4vF0HYTZemqjly1uvVTpjj1Xqj9-F4rprHdh3N0-8R43gRHeTyBAX0GKFA7SX94K-pxr-ulCgcfV0hP-rOLrQ5y0DrKzwflbs=/640px-YellowLabradorLooking.jpg,dog - Wiktionary
5,Dog_6,https://www.thesprucepets.com/chinese-dog-breeds-4797219,https://msp.c.yimg.jp/images/v2/FUTi93tXq405grZVGgDqG4SnGejl7_qhZFNpKsZIJJcjsDGuKY-SceLEsLGYm7H4vuKfUQiOLKNkEw3nhgqu4Pgjbd_bPEkR_nfJ-Av2ikMNM4aunlvBveydt2sFCvSbR7H1fxi_XzDP-Bolizmp5VVhpYA0Cyn60pNhpCl56mCkqkIznpsCem64Wii9JlMeO0PyIIOkpsPhyEc1I3viCghU2raPoxVnv6MK25XU2X8_WMkuwK2WotsN8gQFBY1K9evJIp3wR6PNnXBHiS4kXiCB-F5PdVm9BBdSVKnteicVbyoKD0lxwQMCRbuqBNrKgCA4RGaid3itx7yOlGmFKauWD8Jm637V5HDHj2kVN_nXY8cec3KWA2GnYWtd7ylnnea89WRiXZLt9IuFRxYkLiMbxPiCtUljjcMeybVOyn0D1EXRHwW4JVg-yY7mnpYx/chinese-dog-breeds-4797219-hero-2a1e9c5ed2c54d00aef75b05c5db399c.jpg,12 Unique Dog Breeds That Come From China
6,Dog_7,https://www.thesprucepets.com/english-dog-breeds-4788340,https://msp.c.yimg.jp/images/v2/FUTi93tXq405grZVGgDqG4SnGejl7_qhZFNpKsZIJJcjsDGuKY-SceLEsLGYm7H4N5yQ5slQ9XH6-HNSmmLBL-f1cCyls3UuJzP24Fixb4GYX9_Ffx3vmE4t1FNpoqkwR7H1fxi_XzDP-Bolizmp5VVhpYA0Cyn60pNhpCl56mA8KOvPR6zMvke5fQ8mYB8yMTZd1KXMbt54_ex3eMXhG4VQxC-HCeJ7d119QNmudaBuK1RhBBaRMLAcfi8BacJzYZ06wL5y5cyEKIjrGhlepCCB-F5PdVm9BBdSVKnteicVbyoKD0lxwQMCRbuqBNrKgCA4RGaid3itx7yOlGmFKauWD8Jm637V5HDHj2kVN_nus48k3kaF2eFYnShmzZKcq-c69Is-WG7S5EH5l3NyWrvC_8H6GxheuV_lfEARibDyuWA5eXAWoQIlytlLOmo6/english-dog-breeds-4788340-hero-14a64cf053ca40f78e5bd078b052d97f.jpg,20 Popular English Dog Breeds
7,Dog_8,https://www.britannica.com/animal/beagle-dog,https://msp.c.yimg.jp/images/v2/FUTi93tXq405grZVGgDqG8ubdLLQ9yvMQzUOZbSir4HiWx3B2irJGJ3jthbVvUKIF9J_2tb3-L2DZygA4gjRS_fcIXw0H5DWSWkyfuGTtSbp2AHI2jBsI1YwSoXpUiUFwTKD2Bvh1DUWRdcfAg8xrMviI_Aq2JEKaeaQdv5YXmiB_0GGXnHU1dgclEeB1knOfLGb-WAst5Hz1zhmlUGE3fCj8rNGTCernZtJEwLPzB5WmZ65nklN4f49SWQ5bWBvFkZT-3RsYZOXUItltmUQcApTYr_JQCuPzH4Uv_FwmC0=/beagle-hound-dog.jpg,"Beagle | Overview, Description, Temperament, & Facts ..."
8,Dog_9,https://www.bbc.com/news/newsbeat-61494094,https://msp.c.yimg.jp/images/v2/FUTi93tXq405grZVGgDqG96UCaFDlLucBB3FsThCQIhJSvQFe9sEMXqI4ndXciU43M5nYQkTh45xYJIy3NgMHCs3oxuhjJt5vMVpv4FhpWIm1K03GHiWNU8G-Bnmt8nSuoEOCO0Ssafx46O8nVv1kFjYCv3qGCSD0Kpb1YW9DHMsAcPkkKOmJQ5M4O55z8cBSrOIb74hC735APTQwch577nIGXvL5Xb3kBd306ZtJN8IdPg849LO5pfMhRBhNffSwZi0XlEgnnJ4NwKCTnCBOKAtjxBL-ac96el807yZvsBeJmoyjgDMNwMcID8D8s3BMJQ7eViUkqwazW8eYI4tsQ==/_124800859_gettyimages-817514614.jpg,Pug health so poor it 'can't be considered a typical dog ...
9,Dog_10,https://www.cnn.com/2023/04/12/americas/pearl-world-shortest-dog-scli-intl/index.html,https://msp.c.yimg.jp/images/v2/FUTi93tXq405grZVGgDqG-51-SxWhUI1QFVIr-YKGPdgJLgE8ey9lLm-7Ue-4Tw-I2zJkT8K5qboo00CyBGYj5jFKd5IAj5BlfzowURLIVPy_eUV-AfftTua0RHojLu4k3Dm8H7tlw8jZZy-BxuOU4LI-tIHiNGYy7n3qCmEUY7BMoPYG-HUNRZF1x8CDzGsy-Ij8CrYkQpp5pB2_lheaIH_QYZecdTV2ByUR4HWSc58sZv5YCy3kfPXOGaVQYTdS3OQwelJIPxUNGU2vxlgF2a3yiXbBNKkEE3lI-i4jfZ8rPGS3287xQOWjMJCFTyi7hfqfnuKpBVxfiQAGYPfwg==/230412095218-02-shortest-dog.jpg,Pocket-sized Pearl is the world's shortest dog | CNN
10,Dog_11,https://www.cdc.gov/healthypets/pets/dogs.html,https://msp.c.yimg.jp/images/v2/FUTi93tXq405grZVGgDqG_fCosgtxNa3nVLdklGWpF4FW7c5vFhIMVHZBwVoolW1-NPd91yHdxu8iNuoM5eKroc_1CoqDUeEjA6ZUD5UiboQsklktjUfNqrHrkRLuVop8XpJFUiwn81vFiIu__54yf6M7eI3jAu3IdgPEpqqAGJOK6tGtIxl7D3ECeIUpqCfezd1rIcgSGdlK6Pl-2xm28A5iX86wKajSQdw_GC64FP-utk5fxsdFJq90ouRrWvUCsJv5_wfQAESz9G98kB3JWtVvVb-EAIXTPB-wGzwPtU=/cute-dog-headshot.jpg,"Dogs | Healthy Pets, Healthy People | CDC"
11,Dog_12,https://www.nytimes.com/2023/04/12/business/human-grade-dog-food.html,https://msp.c.yimg.jp/images/v2/FUTi93tXq405grZVGgDqG_u9Cwza-WIavZgx6-LyxlMHWub1kxn61V0ZJ5e85eHO2COmcfcQNZZYJuHxrD2sYjeMGbaGx9K49EqzCEiBX9knmPQ_cJbJa91XPsusJCdC5DjBdEQCvtsXGNOGzt011M7r5dyWPT4DoUOLnXkkOFfszzCbZENTza-YgU3U-_hFhWxamlc3fUVQpg9OVjrz7RQx0V7tfujTsouQqq-Jg-IaTtnWiVFvMmePQRje8cZjVNJ5EMc7_cx-IctPMxwa8ni2bmjIuOEy0i8l9YLS3JXqNG9UiUbKzNgzKfpT-QMdjaGri84TFBkCjypei3we84Nk1FqJ9eE0Kz8G6BZUDmg=/12DogFood-hbvt-mediumSquareAt3X.jpg,Gourmet Dog Food Has Pet Owners Sending Kibbles Back - The ...
12,Dog_13,https://www.hartz.com/five-things-all-small-dog-owners/,https://msp.c.yimg.jp/images/v2/FUTi93tXq405grZVGgDqG33iBEKapYL25lq5nLnkP7-QACSwYqIuW-N3eY9zonbhdB5qiaEgNcJ6uejvUsxOU0xFRqUlWkCemTdC8jTmIsUwrEqzhbeiLPvuu_20NrqJo8LKF6AjTRFPEJVogbdhDv4mxuUZYmlqg83lCUvBzGt3ZThxQVSSX3ufNQ7XrTK6P9BRdGb6MY4vF0HYTZemqv-Y-4uEtobT2aRpxUnhaNtTPR7doCTDbeOzBMp4VJrYOazp5AE9CRhym-V62CAIc5Dr9DWcVP3YPiWOFN-DTRo=/small-dog-owners-1.jpg,Five things all small dog owners should know | Hartz
13,Dog_14,https://www.thetimes.co.uk/article/badly-behaved-dogs-are-often-the-smartest-study-suggests-9lxcjc3gk,https://msp.c.yimg.jp/images/v2/FUTi93tXq405grZVGgDqG16KIyWtVUyPGVRIFeniSHTN2MF6G59wGmxSAEeetwdGEoOWoILGhsNcgAO0--inZbs1YDg6KVu-k4i5nIxki6vbHQyX7eaaINplY4vIpqvhhnQNXsbdlPdLPwGyN-HwdUZvqR6CBimhAc8V4X6oyDXYH369pFRovKOpqBinMrbP9beiDGJwa0n90sOQXECKlV_i6p6SfYirEYZ-OH9p3Mhx3xI6Y6wxULoDsK0RXrAuaE4-W9uPEB76D8ZD-3inzOxrYG5tFG5kVMAHJXNVkDgUUjQfrSz3EoTjCHnQc5VLy081uZa8lDuwdcy3vRMShjZCNRJ6v43NTTxrG-ZwAIW_jPMaEAeNUQjNYKRfK8Jz8ZQPhCCw97uO-UvWbKywqcEYKmBFQy9-5ZnOQKkTLlU=/2Fmethode2Ftimes2Fprod2Fweb2Fbin2Fc47f6830-9292-11ed-b04f-b9bf191ef388.jpg,"Badly behaved dogs are often the smartest, study suggests"
14,Dog_15,https://www.scotsman.com/lifestyle/family-and-parenting/dog-life-expectancy-these-are-the-10-breeds-of-adorable-dog-with-the-longest-average-lives-including-the-loving-jack-russell-3318570,https://msp.c.yimg.jp/images/v2/FUTi93tXq405grZVGgDqG3Ufn-NApjSGSp7RkWgpSXOr5S9BxEgBNAksm_gazQGSRtkGgsSgpez-wc3EizLRd-7IF-sXDkh-CfeZiGlrmmQymou5dL4pAtn5lC_rhzzrXDpwkPw6whsZRyAHM5Rn9nRsss4eh08kQQ2klff6Gh0x7ufuv-AI90gaf_ZR37BxPJ5mxEv59afPhy-HqtxPdKzw3OIRcwEgrczc0bf8A3AH30lN_Nsj_MmKW2alwRRT-lzhBThQJUQv676mcDglcDJmc0R2I61hIZSiBRzUV-8yujkacz3-zhaQ-NJ_zN_sy0cgE1wElJaeNcwQ2Y2g5EqGNQ4T3utFq8AGHNWU0Vl7fPhbREotGKddYjEqDcpS67Avb7KSlW4zso1SOabxhjUVXGAjf50IktEbHSxmNcaM9PpHSoUytbxswQu3_MFA/b25lY21zOmJhYTg3ZTVlLTQ3Y2UtNGQyZS05YjVmLTcwMWUwOWIwYTc1YjoxZjhkZjBmZS1mODE4LTRkZTMtYjRkZS1jM2I0NWJhY2RhMmE.jpg,Dog Life Expectancy: These are the 10 breeds of adorable dog ...
15,Dog_16,https://www.theguardian.com/science/2019/jun/17/how-dogs-capture-your-heart-evolution-puppy-dog-eyes,https://msp.c.yimg.jp/images/v2/FUTi93tXq405grZVGgDqG15QdydpMn5RuqR-rJci3NDl2pMxky-NTf96RizU5E3IgyRDMg2JHDE_isB7GxzNaCBynhKdF3UFEYgjHcrCYyG5FTnUfvQlOmlFIBPUktW8nczlARlRdlkg9UTnxZ-zbxxsQacO4atWoWLn4KDYnbvnqHhGnln-gFotytIEQFu3GwWfobMdahUIZeQrMg6cEa18nYQUcM7OG5z3D8mKaHSI8XPcVVjuQjz71qVwDTHHV3TFnvq6AMk43dxV3niYatFPcjvjzVBsAoCkvNCuRMTuj5ImOAkt2MPPm0KWr7U_8XpJFUiwn81vFiIu__54yf6M7eI3jAu3IdgPEpqqAGJOK6tGtIxl7D3ECeIUpqCfezd1rIcgSGdlK6Pl-2xm21kcfwN4d5wB-ADDij_oVaQryte5mNLdmUyS4n6V1FP7D9tiXVdbZ5o63Ys9wirUImjcR1q_h5HjM7igsYVEG0U=/3408.jpg,How canines capture your heart: scientists explain puppy dog ...
16,Dog_17,https://www.thepioneerwoman.com/home-lifestyle/pets/g36592631/small-fluffy-dog-breeds/,https://msp.c.yimg.jp/images/v2/FUTi93tXq405grZVGgDqG9rPgZApaBCJC9fM4dC_sYSGRDzFzrqm3OMb3720emkNrjRUmvQ0kQzNW2Cc9my8cFofosU9wteD_O3rFZ5bd5tG0xC-NTJ1fxmkHT-ytPGv47CBRnrG5i3_UZq8pWr_OVt08NqHedV1dwicbbZ021O8UQGDub5QQOo-GRxYDBqJZ0a-qpqjIWrSagK3-kAJoyCB-F5PdVm9BBdSVKnteicVbyoKD0lxwQMCRbuqBNrKgCA4RGaid3itx7yOlGmFKauWD8Jm637V5HDHj2kVN_m4dOSw0qworxH5uJX5-lz_qybGq_4rXhCufcmJMStwRVRCOlCI5_7IvMnNELjVlz2OTEIZFLXundRZ6hc6q9g1/small-fuffy-dog-breeds-1623362663.jpg,15 Small Fluffy Dog Breeds - Best Small Dogs for Families ...
17,Dog_18,https://www.channel4.com/programmes/the-dog-house,https://msp.c.yimg.jp/images/v2/FUTi93tXq405grZVGgDqG5NLakD7F_QtoFVFgRd2_6FP9i-OqUj4P6kkKpwyBqYNZSxRbkzbAf82ya1M7uN9qeFpjdNBNeGffmlTk_qk3ENy2shAQjJWgZ_IVBA2BjNcZa7V2UP5Q1WYvlYm5K6sMaWWz9Quj_Aap5wcpoCfxJRjvxlx0SRBSBryw42fiY69N090mNfarK1r3VBCVeU98mpWuVQsQRjIXHzc3hddWyUatVUNXcaL4EBObx26yxrjeHC46--zqt9o5r_tmabqlSCB-F5PdVm9BBdSVKnteicVbyoKD0lxwQMCRbuqBNrKgCA4RGaid3itx7yOlGmFKauWD8Jm637V5HDHj2kVN_nnORXsvpEH46A9TK8FqeQubiRew-gvirpq_upYMxOY1GVdAsSdxtdBKUhviue9h9TrPGTa2j-rOVQgNyWgGbm5/5061c640-5174-451b-9798-0c11f6d56b4d.jpg,The Dog House | All 4
18,Dog_19,https://people.com/pets/rescue-dog-recovers-from-alcohol-addiction/,https://msp.c.yimg.jp/images/v2/FUTi93tXq405grZVGgDqGzLFEw5A76LFmwqc85tuc9SEppQytr3mQCDgs2h7vQdCIa8xjbr4AGgFd7IP2HE3qnBYWh4GoPxIAFSTgwytIt0W79elkyuf6n1MH-vTsNMXQEscT7m2m8qdMb4SqFl_JrBRuZVk3xZnuPKvHXJQ3IaJ0kMj3WsqyvUVZ2wVzfJhlaLYtvKTk18jKg-nJJK-KCTpOMH_jyVJFHp-0ZhrSSC-0Pw9PT0ZtCySmHL78B8pBtUi37r4fXt5WqeyiL0So3ovBYvM6j_f3KXFxveNMWw0kSAmptSC7_43EBHt-t0h6mv5AgvKFucEvGJesn-GNMEyg9gb4dQ1FkXXHwIPMazL4iPwKtiRCmnmkHb-WF5ogf9Bhl5x1NXYHJRHgdZJznyxm_lgLLeR89c4ZpVBhN3TfzhUklmP_ib5JI7Zc9beqzT3GEEttbifwW6IaPWR7g2YBsG6zPI27YPotKAZO1KSYYA37F5K6yJwbORioL3_/coco-rescue-dog-041123-tout-34c967d00e574401aebf75325e38b14e.jpg,Rescue Dog Recovers from Alcohol Addiction After His Owner Dies
19,Dog_20,https://www.akc.org/expert-advice/health/does-cbd-work-for-dogs/,https://msp.c.yimg.jp/images/v2/FUTi93tXq405grZVGgDqG5PjVZ6W-DZBmrwBczCLRcXDIOJgFB2pBzRQE_T4r8h6RU3nvSUF682RptyqOa_SF8uImU5Xbny1MqM23ArEjVH4Sn1h0CzTCY7AbO0g6E-a4Ftq6JHXRenTyJm7JhUt_u36QgBg32FBfDfxv2B4NIazv-wXn8h5EwRuKY752ATw8L_sQK0n10pGxMhSD7F2b9ZOzYZrTFX6hn6aXE62oC8yZnNEdiOtYSGUogUc1FfvMro5GnM9_s4WkPjSf8zf7MtHIBNcBJSWnjXMENmNoORZyS-Kki5373ey_lsJhh7uj9spwW56LHa3G3vyMHOvvHsqcKjN9y6MBMfmgB1_z9affiLkEod-C4CY8sBURl4sjPT6R0qFMrW8bMELt_zBQA==/Cavalier-King-Charles-Spaniel-laying-down-indoors.jpeg,Does CBD Work for Dogs? – American Kennel Club
20,Dog_21,https://www.britannica.com/animal/German-shepherd,https://msp.c.yimg.jp/images/v2/FUTi93tXq405grZVGgDqG8ubdLLQ9yvMQzUOZbSir4HMSPwbYiPfGYlfpNOO4GFcF3k4azRFhOjAcrBNuejKyxU-DLdsHgh2vxcFG-Ji3RsGWLJl3-GI_YLCItSHdUJLXkAiQXm5-tq80nFwRNJdVDJmc0R2I61hIZSiBRzUV-8yujkacz3-zhaQ-NJ_zN_sy0cgE1wElJaeNcwQ2Y2g5Ft3wLIHUVASNtaIw2L4Ja0xTUwJbcHXVxqUIkl6t2AhGtAByq1R3MCHiFn0zb4mUPbY03uaiUX2glsnA0vowgnyjrNBw9iXW4gDGS-NANVS/German-Shepherd-dog-Alsatian.jpg,"German Shepherd | Dog Breed, Description, Temperament ..."
21,Dog_22,https://www.npr.org/2023/04/12/1169466830/worlds-shortest-dog-pearl-chihuahua,https://msp.c.yimg.jp/images/v2/FUTi93tXq405grZVGgDqG2Lh7lTW1oHpnPEyZS7GROY-AqCDnv5XN6xKt08CiKbPj7YFch8XSQBE96mr_yPSOY2h6pXh-Yp5vIZCC-eAem04X3UJXMz4zExoCRX1iPrcCwIPQHOu02wiLvhDWOek-VjgodhnttUg7m-NhJUdxN4d3aa10hvuYdThiYa6IW-8o8LKF6AjTRFPEJVogbdhDv4mxuUZYmlqg83lCUvBzGt3ZThxQVSSX3ufNQ7XrTK6P9BRdGb6MY4vF0HYTZemqrtiDX_l7k_oMgJeUN7EGlr3SEzziJANY_s8gcxZ20VOvUK9kHXp3MNAW-vaWcTtWTTTmfLRu-VTrkvHqIoRD50=/shortest-dog-living-4_slide-b5bce47e5b4dd4c0e6548310230aafa1dfcae2b8.jpeg,Pearl the chihuahua is the world's shortest dog : NPR
22,Dog_23,https://www.dkfindout.com/uk/animals-and-nature/dogs/what-is-dog/,https://msp.c.yimg.jp/images/v2/FUTi93tXq405grZVGgDqG04eNh2RFpVfWHSK9J1wF29bET_FIrbzhYB9XEQkm-nQV9jiK8HGLsusvtJgHFU_5yACVEfR7lpVmY_vPRmLm0zBr9GocN3YXOnlzwz_My2Fl6v-7r60-oCakNNPy9-nuezPMJtkQ1PNr5iBTdT7-EWFbFqaVzd9RVCmD05WOvPtFDHRXu1-6NOyi5Cqr4mD4hpO2daJUW8yZ49BGN7xxmPEdbZX4SFpdWqAkqZYGQrCK3U1wH_5IhOJziN80l9rrhEMrfrD5mO5LfDLKAbEJtc4eecCpRzV6MyzOKMqzJfg/580540_mjznrj.jpg,What is a Dog | Facts About Dogs | DK Find Out
23,Dog_24,https://www.thedogandfriends.com/,https://msp.c.yimg.jp/images/v2/FUTi93tXq405grZVGgDqGygMQVkKkqnuf70M-fNTh6EZM077bFzih3qbgYagigV6kAAksGKiLlvjd3mPc6J24aJXO-3bYx7IVem0yYumRFJLDs-504l9z_8vF6H6aHGBkjG0noj5wpzXl4paO8NbKK7b0BnTdLCbzPjAtE2nF7gNmHJv2cf0zgWS172JaTmFfq3ZkviQ5He3fo6cz_NzXVcMXvnblYnicGn9tNcdrDAp66lMw7Qfux2hxjUDy2bJMj40Fk9JmKdopEZcCQ9mv84BWV3le2hXkwPGthSSAj31gM4HpzZr4eq_7h8pzvWy/the_dog_OGP.png,THE DOG（ザ・ドッグ）公式ブランドサイト
24,Dog_25,https://www.nbcnews.com/health/health-news/signs-dog-intelligence-gifted-dogs-play-study-finds-rcna41534,https://msp.c.yimg.jp/images/v2/FUTi93tXq405grZVGgDqG6g_4a8JRD6S9qckNI6bsf1Dlqo2nLeGw98D-CSR767sm6ky6l4ze7xFNs5MM2f4F1EOKFeX-_4h1nnXoSx6szKhY6hMOK1NsSAL9sYCitTb8D_swcFkK3Mh5Dp4QDinhaZyeOjg40d90ceqYrhFpFEkPN2XcTr_CstZqfe7mQ36R8mwZDO7SPzVDMR85cZUXCDkgdAOLgwz38gQ8hgoIP8WyHt4qkOlAIsT-sTK8hvjm6zjfJSTfzinRmyljD9TjXiYH0yZ-gGFzrQkcEZl5fv5WUqUABp88WsBsprNKttHoeWXhIIlwTtjVR0XURJaErT4SA4FL8OUSHjVMJSHxdKhnUqQ3Ei6NoXPnre8xQHLLit7WI7Ck1NwrAZUwy5ddF0Lm6ZYEeibJ12A7G80dig=/220805-border-collie-play-mn-1100-82d2f1.jpg,"Signs of dog intelligence: Gifted dogs like to play, study finds"
25,Dog_26,https://tk.gov.ba/dog-history-domestication-physical-traits-breeds-facts-britannica-kk-136730948,https://msp.c.yimg.jp/images/v2/FUTi93tXq405grZVGgDqG4iVBKdvSssvAJfKgnAYX0L-GA1tGYKWv3d3Z4CpdnjsKRfO6RoVxf_9EjSLgY0yqlRdW67RsEtMcdoysE_hHT_xekkVSLCfzW8WIi7__njJ_ozt4jeMC7ch2A8SmqoAYk4rq0a0jGXsPcQJ4hSmoJ97N3WshyBIZ2Uro-X7bGbbfhvK4gqw0StdSfuJiBD552CXBY2QfiHRNYTN-ZRUp6G2_vE5X4JEjMj_wyAYYoSkfRXeNtyWjXY8rWDfBseJCQ==/dog_230497594.jpg,"Dog History, Domestication, Physical Traits, Breeds, Facts ..."
26,Dog_27,https://www.pedigree.com/,https://msp.c.yimg.jp/images/v2/FUTi93tXq405grZVGgDqGzxSGE20dBHfslEyxBLHeTIY1nXpt-gqTchYLwYFXbHz0XKT5BOyU7_w_ATH79nJ4q2HF03YDIyTuumpPD9bFSF4SXxMdj0t46L2w636tsIH1eoQrNIR7jtVil91lKKtxiwBw-SQo6YlDkzg7nnPxwFKs4hvviELvfkA9NDByHnvucgZe8vldveQF3fTpm0k3wh0-Dzj0s7ml8yFEGE199IjF0-d-JvSY9a-XWwozeiFzPClgDdYlIV3Wo1oMi--jaUoUn6Qn96jyzDsk-lu4PXLPODdcNhXjDD0GO9TMU0o/PED-Hero-HP.png,Affordable Dog Food & Dog Treats | Dog & Puppy | PEDIGREE
27,Dog_28,https://people.com/pets/dog-walks-himself-home-after-owner-killed-hit-and-run-training-service-animal/,https://msp.c.yimg.jp/images/v2/FUTi93tXq405grZVGgDqGzLFEw5A76LFmwqc85tuc9SiX4YgzDt6Yu6Lw8qM_US51ncoKVXMRHbO3n1vpvFVXefVs64TqBSCWHNMECdVDEwW79elkyuf6n1MH-vTsNMXQEscT7m2m8qdMb4SqFl_JrBRuZVk3xZnuPKvHXJQ3IaJ0kMj3WsqyvUVZ2wVzfJhlaLYtvKTk18jKg-nJJK-KOOAik2tADp45XK5CNq3ZAT1tKME__eS7dT5wzfAS0nEgmhK1GmCAlWmpGzqheuPCQSTC3Ku7Lz6aVorTXvBZXvDHcMLBPDKJIRNxVAzmPTE25r9mXOYuvqLpgRZRi5R3KPCyhegI00RTxCVaIG3YQ7-JsblGWJpaoPN5QlLwcxrd2U4cUFUkl97nzUO160yuj_QUXRm-jGOLxdB2E2Xpqpg6ufTlBGzpKmKqYzhxcNbahLEaTi28h2GLiEI_oerhGvK33D-aXWr-2wC6Mf9drVM0SUHs0rpLxUvwYOeHRps/rescue-dog-service-animal-041023-1-b20d29fdc8384283ba1e4b1659695527.jpg,Dog Who Walked Home After Owner Dies in Accident Is Training ...
28,Dog_29,https://www.dailypaws.com/living-with-pets/pet-compatibility/worlds-largest-dog-breeds,https://msp.c.yimg.jp/images/v2/FUTi93tXq405grZVGgDqG0QzmsbbbA2_E9HzEeP_I3ai7Sr_5-zy5I_oCAle9HDVir8ZxwU-QW5KHeGZvD2KJgsfafIBB2t4aEnAlPNq3MUYFq8Ol0Sak3BZoByuiCZxRgokOp1wAsz34CkTMTzag2nPndCkkw0c-d1iI9_VkBuJbAqXXckbslljmvAqv9oNy7uN4pnmwZpUhNb0yylEARW8vbLrqzNEVFPXqCdtdHP5F5Sg_UxG7FWzAUoaZpEtZbupaWsyomJg-JwUlX-GIqz1TX46-sHJMO6cqgflxJ8pYW9oay7gbb_NO5ZPEOWJC6EeLlzpAGJV-O1xtvygc67b0BnTdLCbzPjAtE2nF7gNmHJv2cf0zgWS172JaTmFfq3ZkviQ5He3fo6cz_NzXXjvaVKJ1oXQZg5c64cxVoCB24SBvVKZmaiG0eB347wXHEfGPZd7B_QWRf8F9usAO5cVN9llfSsQyA9sGfsTXYf1gM4HpzZr4eq_7h8pzvWy/image,The Top 20 Largest Dog Breeds Whose Hearts Are as Big as ...
29,Dog_30,https://www.thekennelclub.org.uk/,https://msp.c.yimg.jp/images/v2/FUTi93tXq405grZVGgDqG1EphZddkOJnGFLBZAFqAN1vVepJPPY2HG3q-kg9-NWhe6uw0JTbGeKdAmbmMstsF8e1kxZoiYpR9FJA6VZIApfhXdPqFyX-apu_p3xehhREnLtCh-r0hyS52s0E69i00WdmZBtVZN5wbTrBMIrSM13BP81-MddhxrZ6UIEYqMssm6zjfJSTfzinRmyljD9TjXiYH0yZ-gGFzrQkcEZl5fv5WUqUABp88WsBsprNKttHoeWXhIIlwTtjVR0XURJaEhOACoGRLROg2m5OSoIAUwy-ku4DbR9XRw3jdHrX4juFu3OJKQK6ru-4S7QKF60jWi_Bl6aAiCBm5KPBGZvqBnM=/toy.jpg,The Kennel Club | Welcome to The Kennel Club website
30,Dog_31,https://www.nytimes.com/2022/04/28/science/dogs-breed-behavior-genes.html,https://msp.c.yimg.jp/images/v2/FUTi93tXq405grZVGgDqG_u9Cwza-WIavZgx6-LyxlMHWub1kxn61V0ZJ5e85eHO48HcSB9BTKmOW9iNFu096ympvDkJqZh7RDrCBftGOGUiDXQV8AOxSAAPMvWQnx2lXw68s0J0GuE43mTw_CrZrPc89WoM2nZfAuEl9a4Q37kwEFzrgtKU83VXwArMR1RvrtvQGdN0sJvM-MC0TacXuA2Ycm_Zx_TOBZLXvYlpOYV-rdmS-JDkd7d-jpzP83NdzOqvn7hnOqLEW5nPlbxaOS1XlAO4SsjIo9VrZN2oXNQu46LUcyIhZ0VrrPlfNUT-7jyrxsauPslsbrudgfckdxTQQbzQ0p4caWkyaSELo94=/28DOGS-BEHAVIOR1-mediumSquareAt3X-v2.jpg,"They're All Good Dogs, and It Has Nothing to Do With Their ..."
31,Dog_32,https://www.thesprucepets.com/top-friendliest-dog-breeds-4691511,https://msp.c.yimg.jp/images/v2/FUTi93tXq405grZVGgDqG4SnGejl7_qhZFNpKsZIJJcjsDGuKY-SceLEsLGYm7H48l4MAGoWf4mcQF_IvrteG4g6ocfk75FZ4QUIYDOxnULHDyB1ax83r8RJmm00BDWwR7H1fxi_XzDP-Bolizmp5VVhpYA0Cyn60pNhpCl56mC53MQ373EC7zr6glS7n32AxSRD3ckvNhaF069hJuRqboFPiiiYolwBMGkcyy5o8aIS9Xy-ra98Qk3aNwBRT3qEP21maBrd5Ff_vURChceuU5aUU_xFKFCtTpDZ5A1ezKDBMoPYG-HUNRZF1x8CDzGsy-Ij8CrYkQpp5pB2_lheaIH_QYZecdTV2ByUR4HWSc58sZv5YCy3kfPXOGaVQYTdjdTFOb3D8shhGGZjl5GsTBvoh5qPj457Tn8dWmO5cahkYrnug_BWs5Syp_fZU_Xf_Wyu9HRMbSfBpgPpA5ud0w==/top-friendliest-dog-breeds-4691511_hero-5c6a918dcf56409c888d78b0fac82d18.jpg,15 Friendliest Dog Breeds That Love People
32,Dog_33,https://www.nationalgeographic.com/animals/mammals/facts/domestic-dog,https://msp.c.yimg.jp/images/v2/FUTi93tXq405grZVGgDqG00tCENiHNroDYx9o3vNcDZDsfPyHgaWRh_fjmvbRkrhYSxkH_OIfDJZdbW9cKLnIQThniW3XkUppT0QhfXGrHTWjW8Awy_HjzCJEfdHN5XbVqLu9iLKEaf6_LBqWhrpUX9sius53k4F6YNiTQXq4yWu29AZ03Swm8z4wLRNpxe4DZhyb9nH9M4Fkte9iWk5hX6t2ZL4kOR3t36OnM_zc11AlD_67CrtXnIdhtYsfsbu30s3W3Sy_qknpQhRE1ZtQQK3BcwMm-SOpca78axQqNfKbM5YTZmNk08QZI8ZM6VcFNBBvNDSnhxpaTJpIQuj3g==/domestic-dog_thumb_16x9.jpg,"Dog, facts and photos"
33,Dog_34,https://www.medicalnewstoday.com/articles/322868,https://msp.c.yimg.jp/images/v2/FUTi93tXq405grZVGgDqG8e0OtvmsuRIE66YAwiabazSywATkQKbAS2uLZblj8wDD6Q3bcRsE0KyQGUZ_Zs4wlIiwXiORcB5OTeKGSjWQMnFMH7zqfkw8xacJWuarBZGQbXE_ZS1FRBuFHQGh7lDXlDGBfhnfTs3onxSKkGvYyObrON8lJN_OKdGbKWMP1ONeJgfTJn6AYXOtCRwRmXl-_lZSpQAGnzxawGyms0q20eh5ZeEgiXBO2NVHRdREloSyk55P2WEnhK8TaRclMonyYE0tjUAGkVRw5dQi9ENDf-cYulcdFi92z2zaj7Y8m_BFBbqdnJyrwPW3Gg8_ZPXyA==/golden-retriever-puppy.jpg,How dogs contribute to your health and happiness
34,Dog_35,https://www.opkansas.org/newsroom/your-input-needed-on-overland-parks-dangerous-dog-ordinance/,https://msp.c.yimg.jp/images/v2/FUTi93tXq405grZVGgDqG3RAvqD_-OSUp1yo85rxHYzwU0urwvfvRiXN7W9y79MkiC-efUitQH7sCODlR7vRwkdWxU6_1Y0G9NFoul1HYS7mVXsPFn5wn8xagI0YwjEPaE4-W9uPEB76D8ZD-3inzOxrYG5tFG5kVMAHJXNVkDgUUjQfrSz3EoTjCHnQc5VLy081uZa8lDuwdcy3vRMShqhLBq9JVV6ngEOJUVNFlHpxjGnU5j1mb6VOg-IkD60XuJC9U6fPyIBndM72XHgfSR_T4G_bzRvFANURFLhJois=/pit-bull-dog-web.jpg,Your input needed on Overland Park's dangerous dog ordinance ...
35,Dog_36,https://www.sciencenews.org/article/dog-breed-individual-behavior-predictor-genetics,https://msp.c.yimg.jp/images/v2/FUTi93tXq405grZVGgDqG6VDnF58pe_VqlUqHuQ5CvfjVpBcAzoJpBHhm8JTB4758xPhvOOa8YokQ0h9FkFsJoFRFZL_FNuvMo5wtjOxebpphmONEyXjIjLLDxO61R4xjD6qidNctk5MAwm8vtCFjF5AIkF5ufravNJxcETSXVQyZnNEdiOtYSGUogUc1FfvMro5GnM9_s4WkPjSf8zf7MtHIBNcBJSWnjXMENmNoOTDZSjdvj7VNGZeWI3ebOi8FTUezgSHoIyMPJByuy90UNTvSeKQKax8KK5wMuAjHk7D85StnUKwt2GmYTds6Bf-jPT6R0qFMrW8bMELt_zBQA==/042822_AG_dog-breeds_feats-1030x580.jpg,Dog breed is a surprisingly poor predictor of individual ...
36,Dog_37,https://news.harvard.edu/gazette/story/2022/02/does-your-dog-care-if-you-die/,https://msp.c.yimg.jp/images/v2/FUTi93tXq405grZVGgDqGxjnc--UzyDOnMkCbXAlUo4TFe_3VFnS6aJ5pnfBU0lViC-efUitQH7sCODlR7vRwlOndbC0Pe7envczjp1b4qckIvEID95IFO_lLP1GboanfXRh-FBGxK8xRzIhiGYX4KPCyhegI00RTxCVaIG3YQ7-JsblGWJpaoPN5QlLwcxrd2U4cUFUkl97nzUO160yuj_QUXRm-jGOLxdB2E2XpqqCXctd6wA6VQ--bbqAMmUNJbBP6crV19eorYahxsL10FvD9oClZuthsYxBRX0zxQiLIrKF6TMkTx65Ry8XpVs8/20220225_wondering_dog-1200x800.jpg,Does your dog care if you die? – Harvard Gazette
37,Dog_38,https://www.forbes.com/advisor/ca/pet-insurance/how-often-to-take-dog-to-vet/,https://msp.c.yimg.jp/images/v2/FUTi93tXq405grZVGgDqGw1hSDAzynhsx5ILrmWH2JKkW9lPe8uBMJnwmu2EnwryO1V6xWRyVliHONa8sLX2tbxFRf-6K2wMGSv__81JrI1p4FuClnI56koAcWwObJH80NlJTPeADAt1WV-94ZmLOYkfIquAl9BW1-FkvA8XxTQzi-SUbrDUMIkJU_cxg2uX9XvDgXwAFjKXS3pknzQm-a7b0BnTdLCbzPjAtE2nF7gNmHJv2cf0zgWS172JaTmFfq3ZkviQ5He3fo6cz_NzXQdjwtPB2okLE6WQi-GJ1Cn_BJA_RhYbTm-2ikLTw0E47bPPvOjhK9QyicbnJ6njOzHVZJVLTx7MSy0eOQxh-WkU0EG80NKeHGlpMmkhC6Pe/1.jpg,How Often Should I Take My Dog To The Vet? – Forbes Advisor ...
38,Dog_39,https://www.pexels.com/search/dog/,https://msp.c.yimg.jp/images/v2/FUTi93tXq405grZVGgDqG1m-Vt5aLbrNET_f8RAQ9U-2a_U_O3UYt6JIAXVlW_xcHEacXdR2XFaM9cr5Bq7gBmT7rvEpIJi22IVXXbVvLWlXSx3SgJQLwREMIWOhGYtawPNJR6vf-XrNjhcHKyWCQoN090v5JTeab6I6J5rDVVGBknzBM83pqsz4CemMs0z-jBBSva49GOyy8gqnSXM2Hlxo9GdzNlmSFvpib3ht_39WBhYR-kakwv6tXhUZOSSNL6_-q_j_Il6wljVgYr7orbGxGh7xMvvQP8ylzcCv3sXm-L6jjngadN5qZmLz1SnlNeXKFHu3v2SKROtAmvNVmKRT5jHHg-pusE7ICFg46Rg=/pexels-photo-3687770.jpeg,"20,000+ Best Dog Photos · 100% Free Download · Pexels Stock ..."
39,Dog_40,https://www.wired.com/story/the-search-for-a-pill-for-dog-and-human-longevity/,https://msp.c.yimg.jp/images/v2/FUTi93tXq405grZVGgDqGxezKYaYqoYzwQj2jEa1j7ehtFNdN3swmhZxNBTlqgG0Lsfya9jTYQLZkEba0vGeO4SeY8P5lnyNpx9GHy2xhWJaqNw5_jgNeSpUihA7jypOO5AoUqkA-4uJBM9EMDgbBH-Mq0FQV5wp-yl0EzIrm5AWbEjcIP_i7SGQxOVtuxJ47M8wm2RDU82vmIFN1Pv4RYVsWppXN31FUKYPTlY68-0UMdFe7X7o07KLkKqviYPiGk7Z1olRbzJnj0EY3vHGY6a4CdL-t1wHNTFV77sSScFSZXn-6U1CBpsEU1Qgqa1PiGa0Gb9ksQ9eRh-L2lsGAw_N0YWeLad7QoGDuufcxG2DZNRaifXhNCs_BugWVA5o/WI110122_FF_ForeverDogs_2400x1350_crop.jpg,The Search for a Pill That Can Help Dogs—and Humans—Live ...
40,Dog_41,https://www.kltv.com/2022/04/28/your-dogs-personality-may-have-little-do-with-its-breed/,https://msp.c.yimg.jp/images/v2/FUTi93tXq405grZVGgDqG-Q4DWNVU_2sD6onzkeZ70BEmrJpeqVBJVpi3Cw-GIpp4gMG_R74jYaphPiHK0_c2xCv5iNgbIlCkkgrUx-bmBpUZnUS2EuT8AqkzOmh2WYPt5ZAMLzgf1MBmkJwp0XU1JyxnqgqzZHq93-Ikrai-iaw5YbIG-l7ZY8y8oLoAZT-DWYmksOWSxWKxBWHJz_8UfdNeecF6Jiu5QH4WLJadXCn2oBMVlMMrQdJEHbAK-ibu2Z9LKevJBRmE0y-0A1aM26TePd8p9bGk0DKwnUc4sCU1EXYceSOgt-dQKVggrVXjBBSva49GOyy8gqnSXM2Hlxo9GdzNlmSFvpib3ht_39WBhYR-kakwv6tXhUZOSSNL6_-q_j_Il6wljVgYr7orXo6Ga_szpkjBEazRD7IQ7Cap4LUgnf-HPHzclUDoJwHab_OrSdG-TLBp0ZZXR2lwX8g_cfVGZbt6YXVjwV0nxw=/HUDAURCAGZAUBKGYXBATXCZU6I.jpg,Your dog's personality may have little to do with its breed
41,Dog_42,https://www.npr.org/2022/11/24/1139009982/thanksgiving-national-dog-show-new-breeds-mudi-russian-toy-bracco-italiano,https://msp.c.yimg.jp/images/v2/FUTi93tXq405grZVGgDqG2Lh7lTW1oHpnPEyZS7GROY-AqCDnv5XN6xKt08CiKbPoPZ3gKrxAgncR2EuLnF-aAdhM8GqVMkB9ytl-iaVK9LOOuIlVagb-JjsntfD87E9-TlOCVXG6kSJ2iB9W9_Nmb1dBEz8ILHXY1EqXomQZkzfpK0ig3GcXDso2XHaMA7dwTKD2Bvh1DUWRdcfAg8xrMviI_Aq2JEKaeaQdv5YXmiB_0GGXnHU1dgclEeB1knOfLGb-WAst5Hz1zhmlUGE3awJNjVa8kkf_xQBs16_kynbZKbau1CWZ-KJsC5JUUtN-r6p879HZ-NlOGSjf4PoeC-XgGBBRWTq7wHSjmA7Kds=/russian-toy-2-3-_custom-fd300880a9643efca73031d33f38ca7f4054b710.jpg,National Dog Show welcomes new breeds: Bracco Italiano ...
42,Dog_43,https://www.theguardian.com/us-news/2023/apr/12/alaska-dog-lost-found-wales-nanuq,https://msp.c.yimg.jp/images/v2/FUTi93tXq405grZVGgDqG15QdydpMn5RuqR-rJci3NDl2pMxky-NTf96RizU5E3IqX24FO6KB_3Qsg9ZX65GsHZJefN1zeP4rwUEk4pKdjL8Q6sg-u5Nu1CrKaHi7wp71qm7dF9NlL2U-bOCHtY0AYebD_OYiCQ59erYltXI2INNWNznM2kUqrpiATxRyHDHqVcrvyn0lveas47fDmgBmp-UnUGXaaOegTATn6QtxTG9_vZQOg5Mn-_8fdzJlLGW8e7aH358cyNAo0eyaVUBVkci4N8o1YkByqzpQsq5ivBAj3AgMo5wsCdsiLpQsjY81-z8e4885To-sFRqa3OsNYVsWppXN31FUKYPTlY68-0UMdFe7X7o07KLkKqviYPiGk7Z1olRbzJnj0EY3vHGY7OyaNmkrRArBunXNBFua8GzKzB67R44MTtCXJWd1fYIUWn6mZ8IiKHLIGRjPoGIxBGjQZCnwzVHLDrQIDOaRVqDZNRaifXhNCs_BugWVA5o/3024.jpg,Rough life: lost dog returned home after epic 150-mile ...
43,Dog_44,https://en.wikipedia.org/wiki/Dog_breeding,https://msp.c.yimg.jp/images/v2/FUTi93tXq405grZVGgDqGx5cm8knTLo61O84kVTxOan841a30-aIJSoqkmlQNsP4-Qv0KVqX9M9vYFUiwJk7Td3z_ViOTRLncyhnUPWsR8-DKNYaDS0LZVMMfCygX_Iu9hueCRgxmq-DYEgQ2bRQa1VfaQEt0jZI6-BXPkT0GeRsqaaIQwZQz7eMjZYRtF3v8TOxjUbUEpxtl5RuVpwsOSwBw-SQo6YlDkzg7nnPxwFKs4hvviELvfkA9NDByHnvucgZe8vldveQF3fTpm0k3wh0-Dzj0s7ml8yFEGE199JtTAggCrU2dvA33hPTW0QXI7fBeuL89it6KkCKfxikcx2SqmtajOYRAUOBfIjjVCaIiClfFM3V4p1Pu33k_wwR/800px-French_Bulldog_with_puppies.jpg,Dog breeding - Wikipedia
44,Dog_45,https://www.allure.com/story/how-to-dye-dog-fur-safely,https://msp.c.yimg.jp/images/v2/FUTi93tXq405grZVGgDqGyj3cs5_3c1l96kxzOk_WBuTdJ88vDsAFBM5fnLeMHaEX05lH1gq2HU_S8Q82O0_0GlPeK0UA9WiyvuRxCDNoQQJdF6UU6IfzGGIYoSGcRXxbOF6GOnCedAVTlgJrlFUMYjxWV1swJfwd84ufzVkbFmqULkQSbNFVLqmGMzpS1OrA0DJsUUhsguvWxb1e17xAeWkvM0-BSno-GT0gppdXJz7Xfo4hzYT6lqNn7uuPwpwKRuSqMqzACO4FViJGJOSzpXO5rdzgyOgMDCeAKIr_pdYVXTT5_BiRdSWfoWP9ynIJXsxrrUnuRrQrlFfsJtQ9VIpSEvTJni8d6CqLsDVexEDr6orGEBN3EsuJ0psxP512dUkHYucndUuQwf8gJZFK_WAzgenNmvh6r_uHynO9bI=/Is20it20ever20ok20to20dye20your20dogs20fur,TikTok Thinks Dyeing Your Dog's Fur Is Always a Bad Idea ...
45,Dog_46,https://www.kktv.com/2023/01/28/here-are-most-popular-dog-names-2022/,https://msp.c.yimg.jp/images/v2/FUTi93tXq405grZVGgDqGzESXcSulwW9y4oxmXgjc_REmrJpeqVBJVpi3Cw-GIpp4gMG_R74jYaphPiHK0_c28lEQ9M6gc7NT6s2TS0_1x_me2Np1PWVwm0_TrO-MQD3t5ZAMLzgf1MBmkJwp0XU1JyxnqgqzZHq93-Ikrai-iaw5YbIG-l7ZY8y8oLoAZT-DWYmksOWSxWKxBWHJz_8UfdNeecF6Jiu5QH4WLJadXCn2oBMVlMMrQdJEHbAK-ibwcaHiwUnA5GZIF3b7whokAjc1d_87h5AtoBRRcqYIWS2fYZbU0F1G6Kk3usR2z0ajBBSva49GOyy8gqnSXM2Hlxo9GdzNlmSFvpib3ht_39WBhYR-kakwv6tXhUZOSSNL6_-q_j_Il6wljVgYr7orT6kCnWVHFHUVv1NsZBXmFVDU_ZIU6qjeUmCo8c_bhpMoSkKYAVx3UCfL7Wp0QkBK1ZHCycgmEYYJIy7bOFByCw=/FONECKM6WVAMXKI34PTEN2RGSA.png,Here are the most popular dog names of 2022
46,Dog_47,https://www.dogstrust.org.uk/,https://msp.c.yimg.jp/images/v2/FUTi93tXq405grZVGgDqGz23pf6l4b_22obptHLkDTicFr1BS3JxfrKcc9dDDlr2WGEwmaruELzYG-hpqNGOM1J3ziJrQiqHg1cj1JWzKJMYbAtxLOBkz8ZVVKinqVS6XkAiQXm5-tq80nFwRNJdVDJmc0R2I61hIZSiBRzUV-8yujkacz3-zhaQ-NJ_zN_sy0cgE1wElJaeNcwQ2Y2g5OX0LzcklxxIR83oOkjvNesLR19Lqsx4U585uCd0fTE5RnEmlk14vbaIw4fSXgQr8W8GTCVCb9f0o_xvMVIo5qyM9PpHSoUytbxswQu3_MFA/FosteringHeader.jpg,Dogs Rehoming & Dog Rescue Charity | Dogs Trust
47,Dog_48,https://www.akc.org/,https://msp.c.yimg.jp/images/v2/FUTi93tXq405grZVGgDqG3mk3fEjXy-hoEG6fzgab9N0w3mFWHy-_7DzuqTTSgLWfLOQhBU9HigKPpmoqbHlO1LHhvNlcT_gF0ykP7ADsR-B5XI1RYT0JWqQcWk4NJmPjwqJ9v_499RuQ-BHv_yMrqcZOk3bg_pji5PjErLFEWa5lp4ZGKBw0V9Sep_-6o3tcl7O45TeZag4wH7o-xonh9kVfsUegLSKbRvIxE9LgrfcEkSXjHDJYeGC6ErRbdH-WAzEwQnIbEMH4L0Pz4Gw2C8CCkRDs3G5GUz_yoP9k2pfyHtKUvvIQ1LO36Zvz3fQ/welcome.jpg,American Kennel Club
48,Dog_49,https://www.pedigree.com/age-calculator,https://msp.c.yimg.jp/images/v2/FUTi93tXq405grZVGgDqGzxSGE20dBHfslEyxBLHeTIY1nXpt-gqTchYLwYFXbHz0XKT5BOyU7_w_ATH79nJ4q2HF03YDIyTuumpPD9bFSEi2mQvEdD30RGLGeFgkANN0NrxkDEazgs9FGzUfunftT8ZXbXs40MCDWAoot4RBE-u29AZ03Swm8z4wLRNpxe4DZhyb9nH9M4Fkte9iWk5hX6t2ZL4kOR3t36OnM_zc13czPkfaJvojWDelJ6GlpFfyGouSft_tVXfRzlDX_QzfyDM3VIIBKfU9wET_jiEp95_5UjrL1YRuoMEH2_vW6BEFNBBvNDSnhxpaTJpIQuj3g==/PED-dog-age-NicoTwix-600.png,Dog Age Calculator
49,Dog_50,https://www.scotsman.com/lifestyle/family-and-parenting/dogs-that-bite-here-are-the-10-breeds-of-adorable-dog-that-are-likely-to-bite-nip-and-snap-including-the-loving-border-collie-3770323,https://msp.c.yimg.jp/images/v2/FUTi93tXq405grZVGgDqG3Ufn-NApjSGSp7RkWgpSXOr5S9BxEgBNAksm_gazQGSFFCoKsyQIxUMDObk4QU4WR0s0tRLfbo6f_nNpdwXp_XQF4QtPOTUTbrF_OPDzS88Rd6_ultL-DMI_rnJPzmZl9rj625aZHqcfJivX21uCTU3Aq-fBU6U9BsLMpPQhAjXgvbJ8RXo_uxFDlSe_RwRTqg42CN8QUD6TuuXfwh26UsH9gwWAAg6OrZunfv8oAPwUJAMBbPBtsZTBeS_JqTpb678eP-dhaM_VuyRilD57URrT0LxqgrsWFP1jwLsVJEAKRuSqMqzACO4FViJGJOSzpXO5rdzgyOgMDCeAKIr_pdYVXTT5_BiRdSWfoWP9ynIuwXDBbplTQhWJB1fgeYi-Ve_8B2l0EAEFaambzWtbYzsW1D3UEOc5D75sIrrFIyoYzCNeCVO-O5xH6s5_nhRjoz0-kdKhTK1vGzBC7f8wUA=/b25lY21zOjdhNGZkZjUzLTdjMjYtNDViMS1iNWRiLWFhYjJmM2Q2Y2FiYjo0YjhmZGViYi00ZTZhLTQwNTEtODE4Zi1hOWY5Y2EwZDRiMDA.jpg,Dogs That Bite: Here are the 10 breeds of adorable dog that ...
50,Dog_51,https://www.purina.co.uk/find-a-pet/articles/dog-types/breed-guides/introduction-to-dog-types,https://msp.c.yimg.jp/images/v2/FUTi93tXq405grZVGgDqG05PcsByIR6yOqGiMsW47BJUWqKumNhPBM1ydzQW9Tj_rRqpZ1Z3ztmUKOOLrhb9T4jBx1orPdopbRzBjH3QHqIhFm92fWqrla6iq5ugH3qtd0XRgvS1dkUzsTp1yDMALIBChlLTJjw6LO2QPrAUJkOmnhB4skm__wUKy4a7PA8XoPAu1aivy-X05EsU8j9_eCZ--oTr2U0kJlqddrlzj8v_MSaWrisx1NA7t9rIE_kQvdoMxLPfztYbkbeWEoXZ2_YpNkR3Zm3V38tqi6PodWXyjrNBw9iXW4gDGS-NANVS/Dog_1084275958_Hearo.jpg,An Introduction to Dog Types | Purina
51,Dog_52,https://www.humanesociety.org/animals/dogs,https://msp.c.yimg.jp/images/v2/FUTi93tXq405grZVGgDqG7N8WTk9Wjk1_oJ2elGKH9anPV1x1tFkfAScoCyefNeVr-fugDhhr_17-xTPDR52iwfx-PgybQAtHqv1140IgmqolNt3qPu0PA29xwa1XovKIIH4Xk91Wb0EF1JUqe16JxVvKgoPSXHBAwJFu6oE2sqAIDhEZqJ3eK3HvI6UaYUpq5YPwmbrftXkcMePaRU3-VOXmsGd8DVnyGQ8N-KmIXmi1iueJS9vg5wqG2hDYsznJt2JwgVvAzEmyKi8EiEipZc3vDZke0Pc-dYCtuB59SI=/dog-451643.jpg,Dogs | The Humane Society of the United States
52,Dog_53,https://www.cnn.com/2021/08/26/health/national-dog-day-2021-benefits-of-dogs-wellness/index.html,https://msp.c.yimg.jp/images/v2/FUTi93tXq405grZVGgDqG-51-SxWhUI1QFVIr-YKGPdgJLgE8ey9lLm-7Ue-4Tw-I2zJkT8K5qboo00CyBGYj8Ul8oZiTrQjXqKp3RDEYbqnfULWVdfGNjeHNdTXof4ucHmKPzBVwak1Mz17Mev4Sk4ultVfk41EKK_5RuupJXGPHm7jAUU4UYgpVIRl3fq4zjnUHkxHz_kJTv4KsTy_N9LP5kr9I0VhiAaALDW36dMyZnNEdiOtYSGUogUc1FfvMro5GnM9_s4WkPjSf8zf7MtHIBNcBJSWnjXMENmNoOQcoNjRFZQadT-_YVj9ZdI3iVP-E3fKWZHtWAgW8uPijAccUIWWEyj1v_hcHF_wjDlhB6rXhaSZoRt_A-iHUaQjjPT6R0qFMrW8bMELt_zBQA==/191006152638-01-pets-and-our-health.jpg,National Dog Day 2021: Benefits of having a dog | CNN
53,Dog_54,https://www.thewildest.com/dog-nutrition/10-foods-liven-your-dogs-dinner,https://msp.c.yimg.jp/images/v2/FUTi93tXq405grZVGgDqG2sIYbA4XtS6f1UnRwCgup0nY4kvN0NRwLqpcW9i4NdNjIlrnAOeQfJlyGiAYxGTxeuadeB1OQyTY0pKQZE90w5mFWj_9ElRPMvPzEZeg6WotOLhowTqF0FtGshFQFanHF21efvhUle4u_qdqfHATsFAdZUvzTrS2lfrtbgXrEC0EgMs0RVbJQYdwdmNlNDtTf_U6OJeCK4c9_DY1snD8yBAyVZxdt6rjX1_l6YargP0NogyAyjUCX0LfUbtl2uf8liSL6u4CN5dqUKRnDLiOzpLZjWTKAG4VkoX8lp6Cxyre91qajkxI-ioh1eOyCnUduzPMJtkQ1PNr5iBTdT7-EWFbFqaVzd9RVCmD05WOvPtFDHRXu1-6NOyi5Cqr4mD4hpO2daJUW8yZ49BGN7xxmOXyISOSSdeJoYR3jmSsurw6zjXvCy9I7KTynZM1p2YAqDNN9kYeF0axQhicwwPbQG5qJvyuGG9ep3-bD5wk9jKg2TUWon14TQrPwboFlQOaA==/2022-05-06_10_Easy_Pieces_to_Liven_Up_Your_Dog-s_Dinner_AdobeStock_328836752.jpg,10 Fruits and Vegetables That Are Good for Dogs · The Wildest
54,Dog_55,https://iview.abc.net.au/show/muster-dogs,https://msp.c.yimg.jp/images/v2/FUTi93tXq405grZVGgDqG0wnsh1UeWFiSEwBcTVExBye6fY0NvSXDG0rd0SsGS_K08E8P5yPfahQo7soOTneo82gFh7CYYo52WQiKPWHAvFxuNd9Ka7V03ewPkvf8R1grtvQGdN0sJvM-MC0TacXuA2Ycm_Zx_TOBZLXvYlpOYV-rdmS-JDkd7d-jpzP83NdHGl3tqumi77DbMesAL6RKcLOKIeyVJa5jpni-xKsshP9cv0yXv1WKsQ8G9Ok53nj9g9HW-zSoPZ69ESxlDwsNRTQQbzQ0p4caWkyaSELo94=/RF2003H_61b169765d01e.jpg,Muster Dogs : ABC iview
55,Dog_56,https://www.purewow.com/family/smallest-dog-breeds,https://msp.c.yimg.jp/images/v2/FUTi93tXq405grZVGgDqGxR6caeaAh1ZTZsjBnWg7Gy-68bSAXcTv0q7yjIN0_vv8xPhvOOa8YokQ0h9FkFsJqsQPRz1nKqCX3sMVyiPJZ0lUkQmU_MJk_lzgIDAbSxJgndnNWy2Wv0Tn_zqzslLoX7rmfDfI9CdA8t2RiYHn9NtsWasFPJf289c4GjGDffrRpXI8zagw7M7s6pqkyURoD3HZ3TneLrKqz_4LidfYnmZxyufeef55LtbH7OA3LmhXAEpX-XZ0EUF7tk4cxGt3edSh7d-9zl2Sl2vpiR2_caoiZKmGAUlMrQAA8uXxlTfaQ_hdfH6qnp1_Hteu7PevcU6wGCPo2hBkHIIL3_dU8o=/smallest-dog-breeds-toy-poodle.jpg,15 of the Smallest Dog Breeds for All Your Petite Pup Needs ...
56,Dog_57,https://nymag.com/strategist/article/best-dog-food.html,https://msp.c.yimg.jp/images/v2/FUTi93tXq405grZVGgDqG7N7e-qmD6twTm3VHaMjcj8gkT6pFc8YJfepK7mAM7ImWL91idOE8IAm3kdE1B-EkToE9DHNOqahUthIWoTW9uR8qqEmD3wSWMD6YCrsuxgtJquhm7npJRLwX31poCDP1GM5LVSoyT3p_oqBBsH131K3tw_VQDwCiWbdVEmPYkcpwTKD2Bvh1DUWRdcfAg8xrMviI_Aq2JEKaeaQdv5YXmiB_0GGXnHU1dgclEeB1knOfLGb-WAst5Hz1zhmlUGE3UzYyMSRVghtzUih9ffBDQdJYSdEBlRFJZjT9iFwmfOHi6RY_Wr6ILYUogKdWAage0OQgARx2h0TZJ_j656hzqM=/f57a2f1d6de4cbf768e5f97fb39f69caa7-dog-food-106-final.1x.rsquare.w1400.jpg,10 Best Dog Foods 2023 | The Strategist
57,Dog_58,https://www.washingtonpost.com/wellness/2023/03/21/dog-talking-buttons-communication-research/,https://msp.c.yimg.jp/images/v2/FUTi93tXq405grZVGgDqG8Mw4abLNupnb1jWo00BWablz7Tu7zTiIH3lRWM2NilP0n9h1YP6gA0OW4WSfoO9E9eAXe3wUW9_uyh6NNFYtoOrsb6KkUtTSHVpNsZWnub9XrZxK6i_MCldKtNVG8qwQWPXJfWp5fOzoRkKoWAgZ_uLuqr-E2oPVFB-k5bUseuBTlGBWrlc0N_JDiTpnw1m5d-MFWue1derQhF2hb4lCbzPJQVfe0n_YVs5FK58NEAWoXAtSgGV-lyT6U6aV2P_xgz9APU_6jtg-AVSN-fy47GGdaZe5tO-t73x4SIr5VCC5Hwhnz4iifyNixGeDmor1qMXO2kQvav-2n9bAg2zkv_HP8M_nrGnDbjlr9bBa82_FNBBvNDSnhxpaTJpIQuj3g==/QELWCWKBSZGA7LV45JUWN7BHXQ.jpg,Can dogs talk by pressing buttons? What science says about ...
58,Dog_59,https://www.youtube.com/watch?v=MPV2METPeJU,https://msp.c.yimg.jp/images/v2/FUTi93tXq405grZVGgDqGxuQACxqi0fkbGNWy3I1FNX3hRBljQTupqW8423wSMW3QbM-2cA-2MCOSqNK8nDe6TMwqx4j6JcYDIcqw_MaPg6u29AZ03Swm8z4wLRNpxe4DZhyb9nH9M4Fkte9iWk5hX6t2ZL4kOR3t36OnM_zc11DCxXBn5W1ZoA94leDnaVwnRLtyXilv1Z_0S9zYtZaBgRw3VQkzOsHETRkTEyzRurxfoF1IczX0--gLvqsgu3AFNBBvNDSnhxpaTJpIQuj3g==/maxresdefault.jpg,The Best Dogs of BBC Earth | Top 5 | BBC Earth - YouTube
59,Dog_60,https://www.smithsonianmag.com/smart-news/a-dogs-breed-cant-predict-most-of-its-behavior-new-study-shows-180979999/,https://msp.c.yimg.jp/images/v2/FUTi93tXq405grZVGgDqG1Cems2qXfe268ucq6gGbpqt07gQ-MmAGeNHynzsrK9A-L6gsAr5r7poUP6H-FQbAQ54FdF9vln0g0SuJ8nOADKmwc5B9xojavey0cKJtwzyWCyms49a5YHIG9bKPfYL2s1vFCeQhayoWnx94D_ZpQsDKsW5sttKj3Z1ffJXlJrG6ZmGEj_g6_Pzn3K46sYRR5GcqWi2qgJ9kKQ53pEkOtfpBL8tFGX0JiqaWnRkyEPzkEJA_ZRuKWQa9FbV5ZgZxpg7SXKM5Fw-T4VHLMll3yYybn5vmWjRIu2oh_t6Gf_lSoRYqUGHfj7kgaTtyf1nwAAhKNDlLyedrlJeup_yLrnKoWFacQT3Np8DVPk5ax7KPIcSmlbzHm7t0efMqMPtMPgsXCf5fj53Xxs9xB6F3FksAcPkkKOmJQ5M4O55z8cBSrOIb74hC735APTQwch577nIGXvL5Xb3kBd306ZtJN8IdPg849LO5pfMhRBhNffSpybn4q3-F9VgGGeWqcuVHuGPdX9qqsESphZGTmGCeCIayZV7Qo0wBPAIDMYv3uvEh_tAFfmbAOpUKc0w6WGkSA==/gettyimages-1310156391.jpg,"Dog Breed Doesn't Affect Behavior, According to New Genetic ..."
